image,prompt
0019.png,"a close up of a computer screen with a cat on it, glitchcore witchcore, glitchcore, glitchwave, glitchpunk, glitch art aesthetic, beautiful cosmic neural network, glitchcore rebirth, immersed within a glitch network, datamoshing, algorithmic, data bending"
0055.png,"a close up of a computer screen with a lot of text, glitchcore witchcore, immersed within a glitch network, abstract art representing data, beautiful cosmic neural network, glitchcore, data bending, glitchwave, glitchcore rebirth, datamoshing, datamoshed, corrupted data, algorithmic, esoteric equation heaven"
0095.png,"arafed image of a man talking on a cell phone, glitchcore witchcore, glitchwave, glitchcore, glitch art aesthetic, glitchpunk, glitchcore rebirth, digital glitches, immersed within a glitch network, datamoshed"
0051.png,"a close up of a computer screen with a picture of a person, glitchcore witchcore, glitchcore, glitchwave, glitchcore rebirth, glitchpunk, glitch art aesthetic, weirdcore, datamoshing, abstract art representing data, immersed within a glitch network, weirdcore voidpunk fursona, data bending"
0040.png,"a close up of a computer screen with a lot of text, glitchcore witchcore, glitchcore, glitchcore rebirth, glitchwave, glitchpunk, weirdcore, immersed within a glitch network, glitch art aesthetic, beautiful cosmic neural network, breakcore"
0080.png,"arafed image of a computer screen with a person on it, glitch art aesthetic, glitchcore witchcore, immersed within a glitch network, datamoshing, static colorful noise glitch, glitchwave, corrupted file, glitchcore, glitchpunk, abstract art representing data, corrupted data, frictional games, graphical errors"
0075.png,"a close up of a computer screen with a lot of text, glitch art aesthetic, glitchcore witchcore, immersed within a glitch network, glitchcore, glitchwave, static colorful noise glitch, glitchpunk, unexpected glitch art, beautiful cosmic neural network, abstract art representing data, glitch art, digital glitches"
0088.png,"there is a computer screen with a picture of a person on it, glitchwave, glitch art aesthetic, lost in code, corrupted data, glitchcore, corrupted file, glitchpunk, datamoshed, digital glitches, glitchcore witchcore, data bending, abstract art representing data, glitch effects, algorithmic"
0083.png,"a close up of a computer screen with a lot of text, glitchcore, abstract art representing data, datamoshed, obfuscate light, immersed within a glitch network, glitch art aesthetic, glitchwave, snowcrash, explosion of data fragments, lost in code, datamoshing, glitchcore witchcore, glitchcore rebirth"
0076.png,"a close up of a computer screen with a lot of text, glitchcore witchcore, glitch art aesthetic, glitchwave, corrupted data, datamoshing, glitchcore, static colorful noise glitch, glitchpunk, corrupted file, digital glitches, vhs artifacts, immersed within a glitch network, abstract art representing data"
0097.png,"arafed image of a man in a black shirt and a green and white background, glitchcore witchcore, glitchcore, glitchpunk, glitchwave, glitch art aesthetic, 15081959 21121991 01012000 4k, glitchcore rebirth"
0023.png,"a close up of a computer screen with a lot of text, glitchcore witchcore, beautiful cosmic neural network, immersed within a glitch network, glitch art aesthetic, glitchcore, abstract art representing data, melting pixels, glitchwave, datamoshing, static colorful noise glitch, glitchpunk, datamoshed, corrupted file"
0067.png,"a close up of a computer screen with a lot of text, glitchcore witchcore, glitchcore, glitch art aesthetic, glitchwave, immersed within a glitch network, 15081959 21121991 01012000 4k, glitchpunk, glitchcore rebirth"
0084.png,"a close up of a computer screen with a lot of text, glitchcore, abstract art representing data, datamoshed, obfuscate light, immersed within a glitch network, snowcrash, explosion of data fragments, glitch art aesthetic, glitchwave, lost in code, datamoshing, glitchcore rebirth, glitchcore witchcore"
0028.png,"a close up of a computer screen with a lot of text, glitchcore witchcore, glitch art aesthetic, glitchcore, immersed within a glitch network, melting pixels, glitchpunk girl, 15081959 21121991 01012000 4k, beautiful cosmic neural network"
0009.png,"a close up of a computer screen with a person in a hat, glitchcore witchcore, glitch art aesthetic, glitchcore, static colorful noise glitch, datamoshing, glitchpunk, glitchwave, immersed within a glitch network, chromatic aberrations, glitchcore rebirth, beautiful cosmic neural network, abstract art representing data"
0029.png,"a close up of a computer screen with a lot of text, glitchcore witchcore, glitchcore, glitch art aesthetic, 15081959 21121991 01012000 4k, immersed within a glitch network, glitchpunk, digital glitches, glitchcore rebirth"
0027.png,"a close up of a computer screen with a lot of text, glitchcore witchcore, glitchcore, glitchwave, immersed within a glitch network, glitch art aesthetic, 15081959 21121991 01012000 4k, glitchpunk, glitchcore rebirth"
0065.png,"a close up of a computer screen with a lot of text, glitchcore witchcore, 15081959 21121991 01012000 4k, glitchcore, beautiful cosmic neural network, glitch art aesthetic, glitchwave, obfuscate light, glitchcore rebirth"
0062.png,"a close up of a computer screen with a lot of text, glitchcore, glitchcore witchcore, javascript enabled, glitchwave, glitchpunk, lost in code, 15081959 21121991 01012000 4k, glitchcore rebirth, glitch art aesthetic"
0042.png,"a close up of a computer screen with a picture of a lizard, glitchcore witchcore, glitchcore, glitch art aesthetic, glitchwave, glitchcore rebirth, 15081959 21121991 01012000 4k, glitchpunk"
0072.png,"a close up of a computer screen with a lot of text, glitchcore witchcore, glitchcore, glitchwave, glitch art aesthetic, glitchpunk, 15081959 21121991 01012000 4k, weirdcore, static colorful noise glitch, digital glitches"
0046.png,"a close up of a computer screen with a lot of text, glitchcore witchcore, glitchcore, 15081959 21121991 01012000 4k, glitch art aesthetic, melting pixels, immersed within a glitch network, weirdcore, glitchwave, corrupted file"
0010.png,"a close up of a computer screen with a lot of text, glitch art aesthetic, glitchcore witchcore, glitchwave, chromatic aberrations, static colorful noise glitch, melting pixels, glitchcore, glitchpunk, digital glitches, immersed within a glitch network, corrupted file, noisy and glitched"
0031.png,"a close up of a computer screen with a lot of text, glitchcore witchcore, glitchcore, glitch art aesthetic, glitchwave, glitchpunk, 15081959 21121991 01012000 4k, immersed within a glitch network, glitchcore rebirth"
0078.png,"arafed image of a computer screen with a bunch of text, datamoshing, glitchwave, glitchcore witchcore, abstract art representing data, glitch art aesthetic, glitchcore, glitchpunk, data bending, 15081959 21121991 01012000 4k"
0005.png,"arafed image of a computer screen with a number of code, glitchcore witchcore, glitchpunk, glitch art aesthetic, 15081959 21121991 01012000 4k, glitchwave, glitchcore, 8k vhs glitch, digital glitches"
0064.png,"a close up of a computer screen with a lot of text, glitchcore witchcore, 15081959 21121991 01012000 4k, glitchcore, beautiful cosmic neural network, glitch art aesthetic, glitchwave, obfuscate light, glitchcore rebirth"
0030.png,"a close up of a computer screen with a lot of text, glitchcore witchcore, glitchcore, 15081959 21121991 01012000 4k, glitch art aesthetic, immersed within a glitch network, glitchpunk, digital glitches, glitchcore rebirth"
0021.png,"a close up of a computer screen with a lot of text, glitchcore witchcore, immersed within a glitch network, glitch art aesthetic, glitchcore, glitchpunk, glitchcore rebirth, nick land, digital glitches, melting pixels, glitchwave, portrait of a cyber skeleton, chromatic aberrations, media art, corrupted data"
0026.png,"a close up of a computer screen with a lot of text, glitchcore witchcore, glitchcore, glitchwave, immersed within a glitch network, glitch art aesthetic, 15081959 21121991 01012000 4k, glitchcore rebirth, glitchpunk"
0035.png,"a close up of a computer screen with a lot of text, glitchcore witchcore, glitchcore, glitchcore rebirth, glitch art aesthetic, glitchwave, glitchpunk, 15081959 21121991 01012000 4k, immersed within a glitch network"
0032.png,"a close up of a computer screen with a picture of a person, glitchcore witchcore, glitchcore, glitchwave, glitch art aesthetic, glitchpunk, 15081959 21121991 01012000 4k, beautiful cosmic neural network, glitchcore rebirth"
0069.png,"arafed image of a computer screen with a lot of text, glitchcore, glitchpunk, glitchcore witchcore, 15081959 21121991 01012000 4k, glitchwave, glitch art aesthetic, digital glitches, glitchcore rebirth"
0094.png,"arafed image of a person taking a picture of a computer screen, glitch art aesthetic, glitchcore witchcore, glitchpunk, glitchcore, glitchwave, corrupted file, digital glitches, glitchpunk girl, static colorful noise glitch, glitchcore rebirth, noisy and glitched, corrupted data, vhs glitch"
0018.png,"a close up of a computer screen with a lot of text, glitchcore witchcore, glitchcore, glitchwave, 15081959 21121991 01012000 4k, glitchcore rebirth, glitchpunk, algorithmic, beautiful cosmic neural network, weirdcore"
0045.png,"a close up of a computer screen with a lot of text, glitchcore witchcore, glitchcore, datamoshing, glitch art aesthetic, static colorful noise glitch, beautiful cosmic neural network, melting pixels, corrupted file, glitchpunk, glitchwave, corrupted data, weirdcore, immersed within a glitch network"
0047.png,"a close up of a computer screen with a lot of text, glitchcore witchcore, glitchcore, immersed within a glitch network, glitch art aesthetic, beautiful cosmic neural network, abstract art representing data, glitchcore rebirth, glitchwave"
0071.png,"a close up of a computer screen with a lot of text, glitchcore witchcore, glitchcore, glitchwave, glitch art aesthetic, glitchpunk, 15081959 21121991 01012000 4k, weirdcore, static colorful noise glitch, digital glitches"
0057.png,"a close up of a computer screen with a lot of text, glitchcore witchcore, glitchcore, beautiful cosmic neural network, immersed within a glitch network, glitch art aesthetic, static colorful noise glitch, 15081959 21121991 01012000 4k, glitchwave"
0004.png,"a close up of a computer screen with a lot of text, glitch art aesthetic, glitchcore witchcore, glitchcore, glitchpunk, glitchwave, static colorful noise glitch, glitchpunk girl, 15081959 21121991 01012000 4k"
0020.png,"a close up of a computer screen with a lot of text, glitchcore witchcore, immersed within a glitch network, glitch art aesthetic, glitchcore, glitchpunk, glitchcore rebirth, nick land, digital glitches, glitchwave, melting pixels, portrait of a cyber skeleton, chromatic aberrations, corrupted data"
0077.png,"arafed image of a computer screen with a bunch of text, datamoshing, glitchwave, glitchcore witchcore, glitch art aesthetic, abstract art representing data, glitchcore, glitchpunk, immersed within a glitch network, data bending, static colorful noise glitch"
0068.png,"arafed image of a computer screen with a lot of text, glitchcore, glitchpunk, glitchcore witchcore, 15081959 21121991 01012000 4k, glitchwave, glitch art aesthetic, digital glitches, glitchcore rebirth"
0043.png,"a close up of a computer screen with a lizard on it, glitchcore witchcore, glitchcore, glitch art aesthetic, immersed within a glitch network, glitchcore rebirth, glitchpunk, corrupted file, datamoshing, glitchwave, static colorful noise glitch, weirdcore, corrupted data, beautiful cosmic neural network"
0015.png,"a close up of a computer screen with a lot of text, glitchcore, 15081959 21121991 01012000 4k, glitchcore witchcore, glitchpunk, glitchwave, glitchcore rebirth, datamoshing, glitchpunk girl"
0003.png,"a close up of a computer screen with a lot of text, glitch art aesthetic, glitchcore witchcore, glitchcore, glitchpunk, glitchwave, static colorful noise glitch, glitchpunk girl, 15081959 21121991 01012000 4k"
0061.png,"a close up of a computer screen with a lot of text, glitchcore, glitchcore witchcore, javascript enabled, glitchwave, glitchpunk, lost in code, glitchcore rebirth, 15081959 21121991 01012000 4k, glitch art aesthetic"
0100.png,"a close up of a computer screen with a computer screen with a picture of a person, 15081959 21121991 01012000 4k, glitch art aesthetic, glitchpunk, digital glitches, static colorful noise glitch, glitchcore, glitchwave"
0022.png,"a close up of a computer screen with a person on it, glitchcore witchcore, glitchcore, glitch art aesthetic, immersed within a glitch network, glitchwave, glitchpunk, glitchcore rebirth, datamoshed, digital glitches, media art, nick land, data bending, chromatic aberrations, weirdcore"
0012.png,"a close up of a computer screen with a lot of text, glitchcore witchcore, 15081959 21121991 01012000 4k, glitchcore, glitchpunk, glitch art aesthetic, glitchwave, corrupted file, corrupted data, digital glitches"
0048.png,"a close up of a computer screen with a lot of text, glitchcore witchcore, glitchcore, immersed within a glitch network, glitch art aesthetic, beautiful cosmic neural network, abstract art representing data, glitchcore rebirth, glitchwave"
0024.png,"a close up of a computer screen with a lot of different colors, glitchcore witchcore, beautiful cosmic neural network, glitch art aesthetic, immersed within a glitch network, glitchcore, abstract art representing data, melting pixels, glitchwave, datamoshing, static colorful noise glitch, corrupted file, glitchpunk, datamoshed"
0001.png,"arafed image of a computer screen with a bunch of different types of text, glitchcore witchcore, glitch art aesthetic, glitchpunk, glitchwave, glitchcore, static colorful noise glitch, ( ( glitch art pixel sorting ) ), vhs static overlay, glitchcore rebirth, corrupted file, media art, glitchpunk girl"
0033.png,"a close up of a computer screen with a picture of a person, glitchcore witchcore, glitchcore, glitchwave, glitch art aesthetic, glitchpunk, 15081959 21121991 01012000 4k, glitchcore rebirth, melting pixels"
0089.png,"arafed image of a computer screen with a computer code, glitchcore witchcore, glitch art aesthetic, glitchwave, glitchcore, 15081959 21121991 01012000 4k, glitchpunk, digital glitches, immersed within a glitch network"
0058.png,"a close up of a computer screen with a lot of text, glitchcore witchcore, glitchcore, 15081959 21121991 01012000 4k, glitchpunk, glitch art aesthetic, glitchwave, static colorful noise glitch, immersed within a glitch network"
0007.png,"arafed image of a computer screen with a lot of text, glitchpunk, glitch art aesthetic, glitchcore witchcore, glitchwave, glitchcore, glitchart, glitchpunk girl, 15081959 21121991 01012000 4k"
0098.png,"a close up of a computer screen with a person on it, 15081959 21121991 01012000 4k, glitchcore witchcore, glitchcore, glitchwave, glitchpunk, glitch art aesthetic, corrupted file"
0014.png,"a close up of a computer screen with a lot of text, 15081959 21121991 01012000 4k, glitchcore, glitchcore witchcore, glitchpunk, glitchwave, glitchcore rebirth, immersed within a glitch network, glitch art aesthetic"
0093.png,"arafed image of a man in a green shirt and a black and white photo, glitchcore witchcore, glitchwave, glitch art aesthetic, glitchcore, datamoshing, 15081959 21121991 01012000 4k, glitchpunk, corrupted file"
0008.png,"a close up of a computer screen with a person in a hat, glitchcore witchcore, glitch art aesthetic, glitchcore, static colorful noise glitch, datamoshing, glitchwave, glitchpunk, immersed within a glitch network, chromatic aberrations, glitchcore rebirth, beautiful cosmic neural network, abstract art representing data"
0049.png,"a close up of a computer screen with a lot of text, glitchcore witchcore, glitchcore, glitch art aesthetic, immersed within a glitch network, weirdcore, glitchwave, beautiful cosmic neural network, 15081959 21121991 01012000 4k"
0054.png,"a close up of a computer screen with a lot of text, glitchcore witchcore, glitchcore, beautiful cosmic neural network, glitchcore rebirth, glitchwave, immersed within a glitch network, glitch art aesthetic, datamoshed, abstract art representing data, datamoshing, data bending, weirdcore, melting pixels, glitchpunk"
0070.png,"a close up of a computer screen with a lot of text, glitchcore witchcore, glitchcore, 15081959 21121991 01012000 4k, glitchwave, glitch art aesthetic, static colorful noise glitch, glitchpunk, glitchcore rebirth"
0079.png,"a close up of a computer screen with a bunch of text, glitchwave, glitchpunk, glitch art aesthetic, glitchcore witchcore, digital glitches, chromatic aberrations, corrupted file, static colorful noise glitch, snowcrash, noisy and glitched, vhs artifacts, datamoshing, glitchcore, glitched"
0000.png,"arafed image of a computer screen with a bunch of different types of text, glitchcore witchcore, glitch art aesthetic, glitchpunk, glitchwave, glitchcore, static colorful noise glitch, ( ( glitch art pixel sorting ) ), vhs static overlay, glitchcore rebirth, corrupted file, media art, glitchpunk girl"
0063.png,"a close up of a computer screen with a lot of text, glitchcore witchcore, 15081959 21121991 01012000 4k, glitchcore, beautiful cosmic neural network, glitch art aesthetic, glitchwave, obfuscate light, glitchcore rebirth"
0052.png,"a close up of a computer screen with a lot of text, glitchcore witchcore, glitchcore, glitchwave, beautiful cosmic neural network, datamoshing, glitchpunk, immersed within a glitch network, data bending, glitchcore rebirth, abstract art representing data, glitch art aesthetic"
0060.png,"a close up of a computer screen with a lot of text, glitchcore, glitchcore witchcore, javascript enabled, glitchwave, glitchpunk, lost in code, 15081959 21121991 01012000 4k, glitchcore rebirth, datamoshing"
0036.png,"a close up of a computer screen with a lot of text, glitchcore witchcore, glitchcore, glitch art aesthetic, glitchcore rebirth, glitchwave, glitchpunk, immersed within a glitch network, 15081959 21121991 01012000 4k"
0011.png,"a close up of a computer screen with a lot of text, glitchcore witchcore, 15081959 21121991 01012000 4k, glitchcore, glitchpunk, glitch art aesthetic, glitchwave, digital glitches, corrupted file, corrupted data"
0053.png,"a close up of a computer screen with a lot of text, glitchcore witchcore, glitchcore, beautiful cosmic neural network, glitchcore rebirth, glitchwave, immersed within a glitch network, glitch art aesthetic, datamoshed, abstract art representing data, datamoshing, weirdcore, data bending, melting pixels, glitchpunk"
0081.png,"arafed image of a computer screen with a person on it, glitch art aesthetic, glitchcore witchcore, immersed within a glitch network, datamoshing, glitchwave, static colorful noise glitch, corrupted file, glitchcore, glitchpunk, abstract art representing data, corrupted data, graphical errors, frictional games"
0086.png,"a close up of a computer screen with a lot of text, glitch art aesthetic, glitchwave, glitchpunk, corrupted file, digital glitches, glitchcore witchcore, corrupted data, video glitch, glitch art, noisy and glitched, glitchcore, glitched, 8k vhs glitch, static colorful noise glitch"
0013.png,"a close up of a computer screen with a person on a cell phone, glitchcore witchcore, glitchcore, 15081959 21121991 01012000 4k, glitchwave, glitchpunk, glitchcore rebirth, glitch art aesthetic, digital glitches"
0099.png,"a close up of a computer screen with a computer screen with a picture of a person, 15081959 21121991 01012000 4k, glitch art aesthetic, glitchpunk, digital glitches, static colorful noise glitch, glitchcore, glitchwave"
0025.png,"a close up of a computer screen with a lot of text, glitchcore witchcore, beautiful cosmic neural network, immersed within a glitch network, glitchcore, abstract art representing data, glitch art aesthetic, glitchwave, datamoshing"
0092.png,"arafed image of a man in a green shirt and a black and white photo, glitchcore witchcore, glitchwave, glitch art aesthetic, glitchcore, datamoshing, 15081959 21121991 01012000 4k, glitchpunk, corrupted file"
0056.png,"a close up of a computer screen with a lot of text, glitchcore witchcore, glitchcore, beautiful cosmic neural network, immersed within a glitch network, glitch art aesthetic, 15081959 21121991 01012000 4k, glitchwave, static colorful noise glitch"
0096.png,"a close up of a person on a cell phone in a room, glitchcore witchcore, glitchwave, glitchcore, glitch art aesthetic, glitchpunk, glitchcore rebirth, immersed within a glitch network, digital glitches, datamoshed"
0082.png,"arafed image of a man with a cell phone in front of a computer screen, 15081959 21121991 01012000 4k, static colorful noise glitch, glitch art aesthetic, noisy and glitched, glitchwave, digital glitches, glitchcore, glitchpunk"
0087.png,"a close up of a computer screen with a lot of text, glitch art aesthetic, glitchwave, glitchpunk, corrupted file, digital glitches, glitchcore witchcore, corrupted data, video glitch, glitch art, noisy and glitched, glitchcore, glitched, 8k vhs glitch, static colorful noise glitch"
0006.png,"arafed image of a computer screen with a number of code, glitchcore witchcore, glitchpunk, 15081959 21121991 01012000 4k, glitch art aesthetic, glitchcore, glitchwave, 8k vhs glitch, digital glitches"
0073.png,"a close up of a computer screen with a person in the background, glitchcore witchcore, glitchwave, glitchcore, glitch art aesthetic, chromatic aberrations, immersed within a glitch network, glitchcore rebirth, glitchpunk, datamoshing, beautiful cosmic neural network, glitchpunk girl, abstract art representing data"
0050.png,"a close up of a computer screen with a lot of text, glitchcore witchcore, glitchcore, glitch art aesthetic, weirdcore, glitchwave, immersed within a glitch network, beautiful cosmic neural network, 15081959 21121991 01012000 4k"
0085.png,"a close up of a computer screen with a number of words on it, glitchwave, glitchcore witchcore, glitchcore, glitch art aesthetic, data bending, immersed within a glitch network, glitchcore rebirth, glitchpunk, abstract art representing data, datamoshing, datamoshed, digital glitches, the encrypted metaverse"
0002.png,"a close up of a computer screen with a lot of text, glitchcore witchcore, glitch art aesthetic, glitchwave, glitchcore, immersed within a glitch network, glitchpunk, chromatic aberrations, abstract art representing data, melting pixels, media art, glitchcore rebirth, obfuscate light, 8k vhs glitch"
0074.png,"a close up of a computer screen with a lot of text, glitch art aesthetic, glitchcore witchcore, immersed within a glitch network, glitchcore, glitchwave, glitchpunk, static colorful noise glitch, unexpected glitch art, beautiful cosmic neural network, abstract art representing data, digital glitches"
0039.png,"a close up of a computer screen with a lot of text, glitchcore witchcore, glitchcore, glitchpunk, glitch art aesthetic, weirdcore, immersed within a glitch network, glitchcore rebirth, glitchwave, beautiful cosmic neural network"
0016.png,"a close up of a computer screen with a lot of text, glitchcore witchcore, glitchcore, 15081959 21121991 01012000 4k, glitchcore rebirth, glitch art aesthetic, glitchwave, immersed within a glitch network, glitchpunk"
0044.png,"a close up of a computer screen with a lot of text, glitchcore witchcore, glitchcore, datamoshing, glitch art aesthetic, static colorful noise glitch, beautiful cosmic neural network, melting pixels, corrupted file, glitchpunk, corrupted data, glitchwave, weirdcore"
0034.png,"a close up of a computer screen with a person in a hat, glitchcore witchcore, glitchcore, glitchpunk, glitchwave, glitchcore rebirth, glitch art aesthetic, 15081959 21121991 01012000 4k, weirdcore, datamoshing"
0041.png,"a close up of a computer screen with a picture of a lizard, glitchcore witchcore, glitchcore, glitch art aesthetic, glitchwave, glitchpunk, immersed within a glitch network, glitchcore rebirth, 15081959 21121991 01012000 4k"
0037.png,"a close up of a computer screen with a lot of text, glitchcore witchcore, glitchcore, glitch art aesthetic, glitchcore rebirth, glitchwave, glitchpunk, immersed within a glitch network, corrupted file, corrupted data, weirdcore, melting pixels, digital glitches"
0017.png,"a close up of a computer screen with a lot of text, glitchcore witchcore, glitchcore, glitchwave, 15081959 21121991 01012000 4k, glitchcore rebirth, glitchpunk, beautiful cosmic neural network, algorithmic, weirdcore"
0059.png,"a close up of a computer screen with a lot of text, glitchcore witchcore, glitchcore, 15081959 21121991 01012000 4k, glitchpunk, glitch art aesthetic, glitchwave, immersed within a glitch network, static colorful noise glitch"
0091.png,"arafed image of a man with a beard and a beardless face, glitchcore witchcore, glitchwave, glitchcore, glitchpunk, glitch art aesthetic, glitchcore rebirth, algorithmic, digital glitches, immersed within a glitch network, datamoshed, glitchpunk girl, data bending"
0066.png,"a close up of a computer screen with a lot of text, glitchcore witchcore, glitchcore, glitch art aesthetic, glitchwave, immersed within a glitch network, 15081959 21121991 01012000 4k, glitchpunk, glitchcore rebirth"
0090.png,"arafed image of a computer screen with a computer code, glitchcore witchcore, glitch art aesthetic, glitchwave, glitchcore, 15081959 21121991 01012000 4k, glitchpunk, digital glitches, glitchpunk girl"
0038.png,"a close up of a computer screen with a lot of text, glitchcore witchcore, glitchcore, glitchpunk, beautiful cosmic neural network, glitch art aesthetic, weirdcore, glitchwave, 15081959 21121991 01012000 4k"
